bound_x,bound_y,run_id,dir,step,patient_cancer,tumor_type,threshold,sample_num,matel_p
1.6066666669999998,0.558333333,run1,dir1,1,lung_cancer_RM03,lung_cancer,0.7,12,0.0031
1.3133333335,0.595,run1,dir1,2,lung_cancer_RM03,lung_cancer,0.7,12,0.0031
1.6066666669999998,0.558333333,run1,dir2,1,lung_cancer_RM03,lung_cancer,0.7,12,0.0031
1.956666667,0.598333333,run1,dir2,2,lung_cancer_RM03,lung_cancer,0.7,12,0.0031
0.8266666665,0.9883333335000001,run2,dir1,1,lung_cancer_RM03,lung_cancer,0.7,12,0.0031
0.683333333,0.8016666665000001,run2,dir1,2,lung_cancer_RM03,lung_cancer,0.7,12,0.0031
0.8266666665,0.9883333335000001,run2,dir2,1,lung_cancer_RM03,lung_cancer,0.7,12,0.0031
